,metric,GMF
0,NDCG@1000,0.21638375110608615
1,Precision@1000,0.0068132482043096335
2,Recall@1000,0.45774522579218674
3,Test (s),2.719996929168701
4,Train (s),43.25727295875549
