,metric,GMF
0,NDCG@1000,0.2032583211049634
1,Precision@1000,0.0069310618066560714
2,Recall@1000,0.4638165158331838
3,Test (s),2.346451759338379
4,Train (s),69.39577460289001
