,metric,WMF
0,NDCG@1000,0.36209485021347154
1,Precision@1000,0.008215139442231047
2,Recall@1000,0.5877157106434409
3,Test (s),6.429998159408569
4,Train (s),1658.135998725891
