,metric,Skmeans
0,NDCG@1000,0.22950134673936623
1,Precision@1000,0.006838399999999979
2,Recall@1000,0.4694244055413832
3,Test (s),3.13349986076355
4,Train (s),1.5980002880096436
