,metric,GMF
0,NDCG@1000,0.007535471389655598
1,Precision@1000,0.00032488114104595905
2,Recall@1000,0.027287117757732984
3,Test (s),3.324997663497925
4,Train (s),514.5969135761261
